transaction_id,customer_id,product_id,quantity_sold,sale_price,sale_date,age_group,total_sales
1,474,90,5,97.97,2024-02-17,"Middle-Aged (40-49)",489.85
2,420,75,4,762.19,2024-10-02,"Pre-Seniors (50-59)",3048.76
3,73,47,3,193.05,2024-03-28,"Seniors (60-69)",579.15
4,215,69,1,90.13,2024-08-30,"Adults (30-39)",90.13
5,124,99,4,96.85,2024-02-03,"Seniors (60-69)",387.40
6,265,39,4,210.60,2024-06-20,"Middle-Aged (40-49)",842.40
7,80,81,1,81.80,2024-05-21,"Pre-Seniors (50-59)",81.80
8,423,75,1,103.99,2024-10-21,"Adults (30-39)",103.99
9,159,98,3,290.36,2024-07-28,"Adults (30-39)",871.08
10,288,64,4,243.74,2024-06-11,"Seniors (60-69)",974.96
11,59,75,3,561.08,2024-02-09,"Young Adults (20-29)",1683.24
12,78,56,5,818.20,2024-02-10,"Young Adults (20-29)",4091.00
13,80,37,5,645.23,2024-09-07,"Pre-Seniors (50-59)",3226.15
14,84,5,4,694.97,2024-09-01,"Elders (70+)",2779.88
15,468,72,2,241.73,2024-12-26,"Teens (<20)",483.46
16,105,97,3,518.72,2024-09-16,"Seniors (60-69)",1556.16
17,142,5,5,795.86,2024-08-21,"Pre-Seniors (50-59)",3979.30
18,248,41,4,399.18,2024-03-07,"Pre-Seniors (50-59)",1596.72
19,270,12,5,760.27,2024-01-11,"Middle-Aged (40-49)",3801.35
20,371,13,5,453.80,2024-01-30,"Young Adults (20-29)",2269.00
21,452,94,2,344.49,2024-12-12,"Middle-Aged (40-49)",688.98
22,85,86,3,447.10,2024-01-02,"Adults (30-39)",1341.30
23,404,95,4,183.20,2024-12-21,"Seniors (60-69)",732.80
24,131,55,1,57.05,2024-03-14,"Young Adults (20-29)",57.05
25,296,55,4,181.42,2024-07-25,"Adults (30-39)",725.68
26,148,54,4,68.86,2024-05-10,"Seniors (60-69)",275.44
27,52,42,3,30.76,2024-04-28,"Young Adults (20-29)",92.28
28,447,79,5,572.32,2024-02-26,"Seniors (60-69)",2861.60
29,376,69,3,553.51,2024-07-06,"Seniors (60-69)",1660.53
30,478,31,5,143.41,2024-05-27,"Seniors (60-69)",717.05
31,78,41,3,570.26,2024-04-20,"Young Adults (20-29)",1710.78
32,49,92,2,288.29,2024-06-22,"Middle-Aged (40-49)",576.58
33,263,91,3,599.09,2024-02-25,"Middle-Aged (40-49)",1797.27
34,356,21,3,108.53,2024-01-09,"Teens (<20)",325.59
35,468,96,1,123.19,2024-11-09,"Teens (<20)",123.19
36,378,10,5,903.33,2024-07-17,"Adults (30-39)",4516.65
37,372,21,2,147.59,2024-08-23,"Pre-Seniors (50-59)",295.18
38,222,33,2,378.30,2024-06-27,"Middle-Aged (40-49)",756.60
39,489,58,5,277.34,2024-01-22,"Adults (30-39)",1386.70
40,372,43,5,415.85,2024-05-04,"Pre-Seniors (50-59)",2079.25
41,232,36,4,741.44,2024-06-01,"Middle-Aged (40-49)",2965.76
42,196,31,3,567.27,2024-02-20,"Middle-Aged (40-49)",1701.81
43,106,72,4,760.77,2024-04-15,"Pre-Seniors (50-59)",3043.08
44,416,89,4,593.51,2024-09-20,"Seniors (60-69)",2374.04
45,391,64,1,19.44,2024-03-28,"Pre-Seniors (50-59)",19.44
46,193,61,1,111.90,2024-03-20,"Pre-Seniors (50-59)",111.90
47,328,33,5,771.50,2024-08-31,"Middle-Aged (40-49)",3857.50
48,380,40,2,41.61,2024-03-08,"Pre-Seniors (50-59)",83.22
49,219,28,5,566.25,2024-05-07,"Pre-Seniors (50-59)",2831.25
50,306,4,1,108.60,2024-12-23,"Middle-Aged (40-49)",108.60
51,273,23,1,43.78,2024-02-05,"Seniors (60-69)",43.78
52,253,8,2,148.33,2024-05-07,"Adults (30-39)",296.66
53,190,19,5,140.79,2024-12-25,"Middle-Aged (40-49)",703.95
54,15,49,1,176.22,2024-08-15,"Middle-Aged (40-49)",176.22
55,425,12,2,46.45,2024-09-19,"Young Adults (20-29)",92.90
56,312,59,5,393.42,2024-08-19,"Pre-Seniors (50-59)",1967.10
57,370,72,4,447.12,2024-05-20,"Teens (<20)",1788.48
58,230,86,1,198.24,2024-11-01,"Young Adults (20-29)",198.24
59,34,42,4,634.04,2024-10-13,"Young Adults (20-29)",2536.16
60,16,36,5,77.91,2024-05-23,"Adults (30-39)",389.55
61,247,71,4,58.86,2024-06-15,"Adults (30-39)",235.44
62,315,89,1,31.22,2024-06-10,"Adults (30-39)",31.22
63,497,35,1,92.76,2024-05-06,"Pre-Seniors (50-59)",92.76
64,483,33,3,462.67,2024-05-22,"Elders (70+)",1388.01
65,256,3,1,66.28,2024-12-15,"Pre-Seniors (50-59)",66.28
66,375,23,1,193.63,2024-02-15,"Young Adults (20-29)",193.63
67,180,23,2,368.97,2024-09-22,"Seniors (60-69)",737.94
68,5,99,5,391.37,2024-11-25,"Middle-Aged (40-49)",1956.85
69,90,95,1,165.56,2024-01-14,"Seniors (60-69)",165.56
70,369,61,2,350.95,2024-02-20,"Seniors (60-69)",701.90
71,164,53,5,461.85,2024-05-21,"Seniors (60-69)",2309.25
72,279,33,2,223.35,2024-03-29,"Young Adults (20-29)",446.70
73,113,4,4,592.35,2024-12-08,"Seniors (60-69)",2369.40
74,223,85,2,331.76,2024-02-07,"Young Adults (20-29)",663.52
75,24,49,1,19.20,2024-08-04,"Adults (30-39)",19.20
76,73,24,3,516.23,2024-06-07,"Seniors (60-69)",1548.69
77,308,27,1,65.25,2024-11-09,"Young Adults (20-29)",65.25
78,388,38,5,931.18,2024-01-13,"Young Adults (20-29)",4655.90
79,332,11,3,239.64,2024-08-06,"Pre-Seniors (50-59)",718.92
80,245,17,4,303.34,2024-08-19,"Pre-Seniors (50-59)",1213.36
81,84,64,4,333.50,2024-03-04,"Elders (70+)",1334.00
82,316,28,1,41.69,2024-05-14,"Seniors (60-69)",41.69
83,430,56,5,239.60,2024-05-06,"Elders (70+)",1198.00
84,323,18,5,939.83,2024-11-16,"Young Adults (20-29)",4699.15
85,68,85,5,461.56,2024-01-17,"Seniors (60-69)",2307.80
86,314,75,1,170.66,2024-08-23,"Pre-Seniors (50-59)",170.66
87,443,76,5,446.48,2024-08-13,"Middle-Aged (40-49)",2232.40
88,8,74,4,541.03,2024-06-22,"Adults (30-39)",2164.12
89,408,57,4,126.07,2024-10-09,"Middle-Aged (40-49)",504.28
90,171,7,3,391.48,2024-08-22,"Seniors (60-69)",1174.44
91,433,61,5,436.32,2024-09-01,"Young Adults (20-29)",2181.60
92,194,21,3,428.84,2024-07-11,"Pre-Seniors (50-59)",1286.52
93,445,11,4,149.03,2024-07-05,"Young Adults (20-29)",596.12
94,186,55,4,181.56,2024-11-29,"Seniors (60-69)",726.24
95,279,47,3,87.01,2024-05-04,"Young Adults (20-29)",261.03
96,153,82,3,162.89,2024-11-28,"Adults (30-39)",488.67
97,457,37,1,44.97,2024-12-01,"Pre-Seniors (50-59)",44.97
98,32,25,3,512.34,2024-10-29,"Adults (30-39)",1537.02
99,18,11,5,715.72,2024-04-27,"Seniors (60-69)",3578.60
100,142,28,1,146.67,2024-09-16,"Pre-Seniors (50-59)",146.67
101,39,23,1,61.69,2024-07-23,"Young Adults (20-29)",61.69
102,491,58,5,54.47,2024-07-17,"Elders (70+)",272.35
103,309,10,5,185.36,2024-07-01,"Adults (30-39)",926.80
104,17,24,2,252.25,2024-01-03,"Seniors (60-69)",504.50
105,16,56,5,316.71,2024-10-16,"Adults (30-39)",1583.55
106,381,61,3,222.60,2024-07-31,"Young Adults (20-29)",667.80
107,241,80,4,592.09,2024-02-03,"Pre-Seniors (50-59)",2368.36
108,378,3,5,984.88,2024-02-21,"Adults (30-39)",4924.40
109,124,16,5,233.90,2024-12-26,"Seniors (60-69)",1169.50
110,36,83,1,94.99,2024-05-22,"Pre-Seniors (50-59)",94.99
111,269,66,5,727.02,2024-12-01,"Middle-Aged (40-49)",3635.10
112,206,52,3,486.22,2024-03-20,"Seniors (60-69)",1458.66
113,418,24,5,117.15,2024-03-29,"Adults (30-39)",585.75
114,7,33,5,443.44,2024-01-03,"Adults (30-39)",2217.20
115,85,71,3,364.38,2024-08-25,"Adults (30-39)",1093.14
116,64,51,2,41.79,2024-02-02,"Seniors (60-69)",83.58
117,54,78,1,19.00,2024-11-18,"Seniors (60-69)",19.00
118,195,38,5,780.50,2024-09-09,"Seniors (60-69)",3902.50
119,415,44,1,93.53,2024-03-18,"Young Adults (20-29)",93.53
120,200,3,3,463.87,2024-02-11,"Adults (30-39)",1391.61
121,132,31,5,80.08,2024-05-23,"Seniors (60-69)",400.40
122,132,16,2,179.68,2024-07-26,"Seniors (60-69)",359.36
123,40,54,4,260.61,2024-08-02,"Middle-Aged (40-49)",1042.44
124,30,58,5,770.29,2024-11-04,"Seniors (60-69)",3851.45
125,42,24,3,313.03,2024-09-20,"Young Adults (20-29)",939.09
126,307,74,5,233.45,2024-06-14,"Seniors (60-69)",1167.25
127,317,13,2,372.73,2024-04-23,"Adults (30-39)",745.46
128,336,45,5,123.05,2024-05-06,"Seniors (60-69)",615.25
129,281,29,3,388.10,2024-12-16,"Young Adults (20-29)",1164.30
130,119,40,2,204.05,2024-06-13,"Young Adults (20-29)",408.10
131,370,48,5,516.10,2024-01-29,"Teens (<20)",2580.50
132,167,92,5,398.68,2024-07-22,"Middle-Aged (40-49)",1993.40
133,483,44,2,57.64,2024-08-22,"Elders (70+)",115.28
134,457,47,1,79.30,2024-04-30,"Pre-Seniors (50-59)",79.30
135,159,19,5,329.98,2024-02-08,"Adults (30-39)",1649.90
136,321,78,2,290.67,2024-03-20,"Young Adults (20-29)",581.34
137,376,32,5,87.56,2024-02-19,"Seniors (60-69)",437.80
138,68,65,4,383.84,2024-09-21,"Seniors (60-69)",1535.36
139,374,16,2,256.54,2024-01-09,"Pre-Seniors (50-59)",513.08
140,238,95,1,71.34,2024-03-20,"Pre-Seniors (50-59)",71.34
141,385,23,5,829.21,2024-01-24,"Pre-Seniors (50-59)",4146.05
142,194,25,5,306.45,2024-10-28,"Pre-Seniors (50-59)",1532.25
143,343,56,3,479.79,2024-08-02,"Middle-Aged (40-49)",1439.37
144,380,84,5,243.91,2024-06-08,"Pre-Seniors (50-59)",1219.55
145,375,35,1,186.11,2024-04-03,"Young Adults (20-29)",186.11
146,185,31,4,263.17,2024-12-15,"Seniors (60-69)",1052.68
147,98,56,5,258.84,2024-07-31,"Young Adults (20-29)",1294.20
148,187,25,4,172.40,2024-02-06,"Young Adults (20-29)",689.60
149,478,27,5,716.10,2024-12-04,"Seniors (60-69)",3580.50
150,493,89,5,414.34,2024-11-14,"Pre-Seniors (50-59)",2071.70
151,73,89,5,392.32,2024-06-28,"Seniors (60-69)",1961.60
152,286,42,5,84.89,2024-05-04,"Adults (30-39)",424.45
153,178,12,4,198.39,2024-01-11,"Teens (<20)",793.56
154,11,29,2,123.17,2024-07-28,"Adults (30-39)",246.34
155,110,5,3,249.89,2024-08-18,"Adults (30-39)",749.67
156,96,38,2,152.05,2024-08-20,"Young Adults (20-29)",304.10
157,258,45,2,319.03,2024-09-08,"Adults (30-39)",638.06
158,137,58,4,564.78,2024-05-08,"Adults (30-39)",2259.12
159,371,81,2,349.11,2024-10-26,"Young Adults (20-29)",698.22
160,264,68,2,59.23,2024-02-25,"Middle-Aged (40-49)",118.46
161,409,90,1,139.67,2024-02-20,"Middle-Aged (40-49)",139.67
162,144,71,5,678.50,2024-03-10,"Young Adults (20-29)",3392.50
163,365,78,1,106.62,2024-08-30,"Elders (70+)",106.62
164,472,43,4,483.22,2024-07-27,"Middle-Aged (40-49)",1932.88
165,341,49,5,727.14,2024-12-26,"Middle-Aged (40-49)",3635.70
166,469,53,3,553.02,2024-06-24,"Adults (30-39)",1659.06
167,23,28,2,278.14,2024-03-29,"Middle-Aged (40-49)",556.28
168,475,44,2,107.12,2024-11-13,"Young Adults (20-29)",214.24
169,26,20,4,108.13,2024-08-17,"Elders (70+)",432.52
170,188,55,5,547.47,2024-09-09,"Pre-Seniors (50-59)",2737.35
171,333,46,1,85.25,2024-12-11,"Elders (70+)",85.25
172,301,14,1,139.20,2024-12-15,"Young Adults (20-29)",139.20
173,439,7,3,593.91,2024-03-28,"Middle-Aged (40-49)",1781.73
174,438,80,4,680.27,2024-03-20,"Young Adults (20-29)",2721.08
175,58,92,4,420.00,2024-05-22,"Young Adults (20-29)",1680.00
176,197,74,5,675.20,2024-03-23,"Middle-Aged (40-49)",3376.00
177,178,50,5,656.81,2024-01-09,"Teens (<20)",3284.05
178,437,47,1,37.45,2024-08-04,"Middle-Aged (40-49)",37.45
179,408,39,2,351.94,2024-10-26,"Middle-Aged (40-49)",703.88
180,30,95,4,378.91,2024-03-11,"Seniors (60-69)",1515.64
181,344,84,1,192.70,2024-12-26,"Pre-Seniors (50-59)",192.70
182,208,2,2,177.84,2024-05-25,"Middle-Aged (40-49)",355.68
183,380,15,1,195.62,2024-03-26,"Pre-Seniors (50-59)",195.62
184,323,36,4,774.34,2024-04-14,"Young Adults (20-29)",3097.36
185,157,66,3,385.51,2024-04-27,"Pre-Seniors (50-59)",1156.53
186,173,91,5,618.94,2024-12-05,"Pre-Seniors (50-59)",3094.70
187,426,14,1,193.68,2024-04-22,"Middle-Aged (40-49)",193.68
188,143,73,5,532.81,2024-07-30,"Middle-Aged (40-49)",2664.05
189,262,51,5,184.12,2024-02-09,"Pre-Seniors (50-59)",920.60
190,216,69,5,331.58,2024-09-20,"Seniors (60-69)",1657.90
191,76,47,4,433.19,2024-03-05,"Adults (30-39)",1732.76
192,39,39,4,493.71,2024-10-17,"Young Adults (20-29)",1974.84
193,498,62,3,90.75,2024-08-11,"Pre-Seniors (50-59)",272.25
194,11,59,5,921.17,2024-10-31,"Adults (30-39)",4605.85
195,261,27,5,699.85,2024-02-04,"Pre-Seniors (50-59)",3499.25
196,415,64,1,103.57,2024-08-19,"Young Adults (20-29)",103.57
197,91,49,3,386.79,2024-09-13,"Middle-Aged (40-49)",1160.37
198,52,3,3,106.94,2024-07-04,"Young Adults (20-29)",320.82
199,179,60,3,509.97,2024-07-22,"Seniors (60-69)",1529.91
200,469,63,5,169.18,2024-10-02,"Adults (30-39)",845.90
201,380,67,4,260.91,2024-05-13,"Pre-Seniors (50-59)",1043.64
202,16,38,5,883.58,2024-03-02,"Adults (30-39)",4417.90
203,226,7,5,110.36,2024-06-05,"Teens (<20)",551.80
204,47,13,5,213.84,2024-08-18,"Young Adults (20-29)",1069.20
205,350,18,1,137.21,2024-02-09,"Seniors (60-69)",137.21
206,469,33,2,90.45,2024-08-09,"Adults (30-39)",180.90
207,148,35,1,133.10,2024-10-16,"Seniors (60-69)",133.10
208,191,46,1,181.54,2024-10-16,"Elders (70+)",181.54
209,42,64,1,155.78,2024-09-24,"Young Adults (20-29)",155.78
210,303,44,2,278.25,2024-09-08,"Pre-Seniors (50-59)",556.50
211,136,28,2,211.34,2024-09-05,"Seniors (60-69)",422.68
212,383,84,3,33.91,2024-06-07,"Middle-Aged (40-49)",101.73
213,449,68,4,458.31,2024-12-21,"Young Adults (20-29)",1833.24
214,121,81,5,254.42,2024-07-15,"Adults (30-39)",1272.10
215,33,79,1,66.08,2024-11-05,"Seniors (60-69)",66.08
216,239,97,5,687.56,2024-08-15,"Elders (70+)",3437.80
217,107,20,1,166.88,2024-10-19,"Adults (30-39)",166.88
218,410,57,5,839.64,2024-08-17,"Elders (70+)",4198.20
219,290,78,2,47.25,2024-08-20,"Pre-Seniors (50-59)",94.50
220,403,84,2,146.34,2024-03-20,"Pre-Seniors (50-59)",292.68
221,130,60,2,340.10,2024-12-25,"Adults (30-39)",680.20
222,22,63,3,311.95,2024-02-10,"Pre-Seniors (50-59)",935.85
223,396,1,3,164.68,2024-04-05,"Pre-Seniors (50-59)",494.04
224,282,88,1,142.80,2024-12-20,"Seniors (60-69)",142.80
225,45,18,2,62.87,2024-12-24,"Young Adults (20-29)",125.74
226,71,84,5,834.67,2024-11-03,"Young Adults (20-29)",4173.35
227,169,4,2,367.54,2024-08-19,"Seniors (60-69)",735.08
228,263,32,5,342.88,2024-02-06,"Middle-Aged (40-49)",1714.40
229,446,2,4,566.86,2024-09-27,"Adults (30-39)",2267.44
230,259,14,1,162.90,2024-04-12,"Middle-Aged (40-49)",162.90
231,322,89,2,58.53,2024-01-14,"Young Adults (20-29)",117.06
232,225,32,4,762.55,2024-10-03,"Young Adults (20-29)",3050.20
233,107,77,2,117.39,2024-04-24,"Adults (30-39)",234.78
234,193,65,2,22.69,2024-03-19,"Pre-Seniors (50-59)",45.38
235,105,6,3,556.70,2024-04-11,"Seniors (60-69)",1670.10
236,384,39,3,478.96,2024-04-13,"Pre-Seniors (50-59)",1436.88
237,141,6,4,496.44,2024-11-07,"Young Adults (20-29)",1985.76
238,49,40,5,294.01,2024-02-05,"Middle-Aged (40-49)",1470.05
239,492,58,1,11.38,2024-07-11,"Middle-Aged (40-49)",11.38
240,391,61,5,358.07,2024-02-05,"Pre-Seniors (50-59)",1790.35
241,145,70,1,60.79,2024-07-10,"Pre-Seniors (50-59)",60.79
242,132,32,4,363.71,2024-07-23,"Seniors (60-69)",1454.84
243,153,18,2,302.22,2024-12-01,"Adults (30-39)",604.44
244,323,31,5,602.67,2024-02-16,"Young Adults (20-29)",3013.35
245,347,30,5,500.46,2024-11-16,"Pre-Seniors (50-59)",2502.30
246,299,42,2,96.66,2024-01-27,"Adults (30-39)",193.32
247,89,29,3,100.70,2024-09-29,"Young Adults (20-29)",302.10
248,255,91,3,357.89,2024-07-03,"Young Adults (20-29)",1073.67
249,158,22,4,699.42,2024-11-08,"Pre-Seniors (50-59)",2797.68
250,81,36,3,292.00,2024-11-22,"Seniors (60-69)",876.00
251,263,63,3,337.78,2024-03-26,"Middle-Aged (40-49)",1013.34
252,413,58,1,167.42,2024-08-22,"Young Adults (20-29)",167.42
253,220,53,1,146.00,2024-04-30,"Pre-Seniors (50-59)",146.00
254,384,27,5,827.53,2024-02-13,"Pre-Seniors (50-59)",4137.65
255,203,67,2,242.74,2024-02-13,"Adults (30-39)",485.48
256,394,1,4,645.24,2024-07-03,"Seniors (60-69)",2580.96
257,218,44,2,97.82,2024-05-07,"Elders (70+)",195.64
258,148,64,1,151.01,2024-02-15,"Seniors (60-69)",151.01
259,225,50,3,268.78,2024-09-26,"Young Adults (20-29)",806.34
260,497,45,3,445.66,2024-07-11,"Pre-Seniors (50-59)",1336.98
261,320,36,1,79.38,2024-05-11,"Seniors (60-69)",79.38
262,397,90,4,413.31,2024-06-21,"Middle-Aged (40-49)",1653.24
263,429,6,5,708.51,2024-05-10,"Young Adults (20-29)",3542.55
264,166,22,3,330.12,2024-05-23,"Seniors (60-69)",990.36
265,201,60,1,195.86,2024-10-16,"Young Adults (20-29)",195.86
266,10,72,5,286.72,2024-03-25,"Seniors (60-69)",1433.60
267,116,67,3,542.83,2024-05-04,"Adults (30-39)",1628.49
268,8,55,4,395.68,2024-04-05,"Adults (30-39)",1582.72
269,244,45,5,501.33,2024-03-23,"Seniors (60-69)",2506.65
270,386,42,4,769.15,2024-07-05,"Middle-Aged (40-49)",3076.60
271,139,47,1,11.96,2024-10-28,"Seniors (60-69)",11.96
272,493,61,1,188.11,2024-01-11,"Pre-Seniors (50-59)",188.11
273,388,70,1,24.69,2024-12-07,"Young Adults (20-29)",24.69
274,277,42,3,347.29,2024-10-16,"Middle-Aged (40-49)",1041.87
275,150,22,5,134.96,2024-08-22,"Young Adults (20-29)",674.80
276,426,4,1,91.22,2024-01-12,"Middle-Aged (40-49)",91.22
277,440,82,1,146.74,2024-12-05,"Pre-Seniors (50-59)",146.74
278,196,54,1,75.65,2024-10-10,"Middle-Aged (40-49)",75.65
279,19,66,4,762.51,2024-12-29,"Middle-Aged (40-49)",3050.04
280,401,97,1,95.99,2024-12-21,"Pre-Seniors (50-59)",95.99
281,264,92,2,125.06,2024-04-03,"Middle-Aged (40-49)",250.12
282,145,86,2,192.01,2024-01-23,"Pre-Seniors (50-59)",384.02
283,369,22,3,389.39,2024-05-28,"Seniors (60-69)",1168.17
284,223,57,3,130.33,2024-10-31,"Young Adults (20-29)",390.99
285,438,7,1,199.08,2024-12-05,"Young Adults (20-29)",199.08
286,160,75,2,189.43,2024-04-30,"Young Adults (20-29)",378.86
287,1,61,2,224.94,2024-09-15,"Young Adults (20-29)",449.88
288,227,82,3,331.08,2024-03-07,"Middle-Aged (40-49)",993.24
289,55,55,1,165.61,2024-12-09,"Pre-Seniors (50-59)",165.61
290,266,30,3,425.23,2024-11-26,"Seniors (60-69)",1275.69
291,177,99,2,118.41,2024-09-18,"Middle-Aged (40-49)",236.82
292,88,45,3,301.94,2024-01-21,"Middle-Aged (40-49)",905.82
293,120,91,4,250.21,2024-08-25,"Pre-Seniors (50-59)",1000.84
294,96,30,4,61.14,2024-07-06,"Young Adults (20-29)",244.56
295,283,49,5,868.47,2024-08-09,"Seniors (60-69)",4342.35
296,209,91,1,93.44,2024-04-15,"Pre-Seniors (50-59)",93.44
297,131,87,1,128.10,2024-08-18,"Young Adults (20-29)",128.10
298,66,80,3,528.60,2024-11-25,"Pre-Seniors (50-59)",1585.80
299,33,46,4,228.27,2024-06-30,"Seniors (60-69)",913.08
300,21,80,3,339.12,2024-06-29,"Young Adults (20-29)",1017.36
301,205,19,3,105.18,2024-02-29,"Adults (30-39)",315.54
302,425,53,4,285.36,2024-10-30,"Young Adults (20-29)",1141.44
303,407,1,1,101.42,2024-02-04,"Adults (30-39)",101.42
304,111,27,4,498.52,2024-12-20,"Young Adults (20-29)",1994.08
305,40,12,3,580.82,2024-10-28,"Middle-Aged (40-49)",1742.46
306,297,56,2,124.25,2024-03-15,"Teens (<20)",248.50
307,458,40,4,358.94,2024-10-24,"Pre-Seniors (50-59)",1435.76
308,385,69,1,178.94,2024-05-05,"Pre-Seniors (50-59)",178.94
309,478,97,4,522.49,2024-11-07,"Seniors (60-69)",2089.96
310,260,21,5,365.95,2024-08-18,"Adults (30-39)",1829.75
311,154,40,4,512.08,2024-06-30,"Young Adults (20-29)",2048.32
312,461,40,2,291.43,2024-08-29,"Middle-Aged (40-49)",582.86
313,9,26,5,771.73,2024-01-15,"Seniors (60-69)",3858.65
314,374,31,1,142.76,2024-06-30,"Pre-Seniors (50-59)",142.76
315,302,69,1,166.54,2024-03-17,"Seniors (60-69)",166.54
316,374,26,1,64.86,2024-10-14,"Pre-Seniors (50-59)",64.86
317,125,52,2,52.59,2024-03-06,"Middle-Aged (40-49)",105.18
318,161,46,4,51.82,2024-11-16,"Pre-Seniors (50-59)",207.28
319,30,54,3,296.90,2024-07-02,"Seniors (60-69)",890.70
320,71,10,3,521.79,2024-05-02,"Young Adults (20-29)",1565.37
321,167,60,4,572.13,2024-03-26,"Middle-Aged (40-49)",2288.52
322,157,91,2,179.69,2024-06-09,"Pre-Seniors (50-59)",359.38
323,268,17,1,171.06,2024-09-30,"Adults (30-39)",171.06
324,127,33,2,396.46,2024-02-06,"Pre-Seniors (50-59)",792.92
325,73,98,2,25.69,2024-11-03,"Seniors (60-69)",51.38
326,84,4,4,554.32,2024-02-23,"Elders (70+)",2217.28
327,99,44,4,530.43,2024-05-18,"Pre-Seniors (50-59)",2121.72
328,4,8,3,517.27,2024-04-25,"Young Adults (20-29)",1551.81
329,338,18,3,159.85,2024-12-01,"Young Adults (20-29)",479.55
330,68,25,2,183.72,2024-08-11,"Seniors (60-69)",367.44
331,14,56,1,25.81,2024-04-19,"Pre-Seniors (50-59)",25.81
332,337,6,3,493.76,2024-03-05,"Middle-Aged (40-49)",1481.28
333,479,49,3,549.49,2024-12-28,"Seniors (60-69)",1648.47
334,269,5,1,85.42,2024-03-08,"Middle-Aged (40-49)",85.42
335,451,42,4,75.87,2024-05-07,"Seniors (60-69)",303.48
336,284,75,2,328.24,2024-07-12,"Seniors (60-69)",656.48
337,263,1,4,433.23,2024-11-29,"Middle-Aged (40-49)",1732.92
338,196,77,2,115.67,2024-03-04,"Middle-Aged (40-49)",231.34
339,25,29,2,167.66,2024-07-16,"Seniors (60-69)",335.32
340,404,15,5,312.48,2024-04-13,"Seniors (60-69)",1562.40
341,465,32,2,182.35,2024-08-26,"Young Adults (20-29)",364.70
342,294,59,3,148.80,2024-01-31,"Young Adults (20-29)",446.40
343,63,67,5,389.25,2024-04-06,"Elders (70+)",1946.25
344,123,26,5,616.81,2024-12-03,"Seniors (60-69)",3084.05
345,479,90,4,243.83,2024-02-28,"Seniors (60-69)",975.32
346,28,56,4,365.60,2024-03-17,"Pre-Seniors (50-59)",1462.40
347,79,13,2,156.68,2024-10-20,"Pre-Seniors (50-59)",313.36
348,307,6,3,359.05,2024-04-07,"Seniors (60-69)",1077.15
349,2,26,5,397.47,2024-10-19,"Seniors (60-69)",1987.35
350,147,59,2,231.83,2024-06-19,"Pre-Seniors (50-59)",463.66
351,82,79,4,593.50,2024-05-21,"Pre-Seniors (50-59)",2374.00
352,178,85,2,263.22,2024-02-28,"Teens (<20)",526.44
353,364,98,3,169.89,2024-07-25,"Adults (30-39)",509.67
354,447,69,2,380.24,2024-12-12,"Seniors (60-69)",760.48
355,314,52,5,204.76,2024-10-20,"Pre-Seniors (50-59)",1023.80
356,111,72,1,15.12,2024-09-28,"Young Adults (20-29)",15.12
357,13,38,5,780.97,2024-06-04,"Young Adults (20-29)",3904.85
358,176,84,3,568.14,2024-12-30,"Seniors (60-69)",1704.42
359,476,90,2,361.29,2024-06-03,"Pre-Seniors (50-59)",722.58
360,430,69,1,53.25,2024-07-06,"Elders (70+)",53.25
361,39,45,1,105.00,2024-02-10,"Young Adults (20-29)",105.00
362,479,79,2,363.41,2024-04-21,"Seniors (60-69)",726.82
363,125,69,4,451.58,2024-06-25,"Middle-Aged (40-49)",1806.32
364,319,28,4,160.49,2024-02-27,"Middle-Aged (40-49)",641.96
365,404,69,5,863.97,2024-11-17,"Seniors (60-69)",4319.85
366,119,35,2,286.19,2024-10-15,"Young Adults (20-29)",572.38
367,210,73,4,750.73,2024-11-29,"Middle-Aged (40-49)",3002.92
368,129,86,4,403.03,2024-12-01,"Pre-Seniors (50-59)",1612.12
369,288,79,5,64.00,2024-06-11,"Seniors (60-69)",320.00
370,297,74,3,116.69,2024-02-09,"Teens (<20)",350.07
371,167,42,1,148.33,2024-05-08,"Middle-Aged (40-49)",148.33
372,361,67,3,464.61,2024-11-30,"Pre-Seniors (50-59)",1393.83
373,199,15,5,785.28,2024-05-05,"Young Adults (20-29)",3926.40
374,256,5,4,793.44,2024-09-27,"Pre-Seniors (50-59)",3173.76
375,139,52,1,98.75,2024-03-28,"Seniors (60-69)",98.75
376,204,85,1,26.20,2024-02-09,"Adults (30-39)",26.20
377,233,77,1,158.79,2024-03-23,"Young Adults (20-29)",158.79
378,207,74,3,250.48,2024-02-01,"Seniors (60-69)",751.44
379,159,87,3,533.49,2024-06-06,"Adults (30-39)",1600.47
380,187,94,3,540.34,2024-08-09,"Young Adults (20-29)",1621.02
381,167,48,3,81.12,2024-03-19,"Middle-Aged (40-49)",243.36
382,317,19,1,122.10,2024-02-04,"Adults (30-39)",122.10
383,439,46,4,745.58,2024-11-06,"Middle-Aged (40-49)",2982.32
384,229,25,2,33.20,2024-08-17,"Pre-Seniors (50-59)",66.40
385,148,63,3,369.61,2024-03-18,"Seniors (60-69)",1108.83
386,351,2,5,545.37,2024-01-07,"Young Adults (20-29)",2726.85
387,10,55,3,223.39,2024-09-20,"Seniors (60-69)",670.17
388,422,45,2,176.66,2024-11-20,"Seniors (60-69)",353.32
389,445,14,4,225.18,2024-02-02,"Young Adults (20-29)",900.72
390,110,34,2,378.43,2024-01-19,"Adults (30-39)",756.86
391,18,26,1,52.31,2024-07-15,"Seniors (60-69)",52.31
392,3,42,3,213.94,2024-06-08,"Young Adults (20-29)",641.82
393,21,35,5,574.50,2024-07-10,"Young Adults (20-29)",2872.50
394,373,14,1,148.68,2024-02-13,"Adults (30-39)",148.68
395,374,10,4,522.17,2024-08-12,"Pre-Seniors (50-59)",2088.68
396,441,14,2,274.31,2024-08-25,"Young Adults (20-29)",548.62
397,67,93,5,888.57,2024-01-28,"Middle-Aged (40-49)",4442.85
398,238,31,1,40.42,2024-09-28,"Pre-Seniors (50-59)",40.42
399,316,58,3,46.04,2024-10-30,"Seniors (60-69)",138.12
400,345,85,4,262.17,2024-12-12,"Middle-Aged (40-49)",1048.68
401,134,41,4,777.78,2024-08-23,"Pre-Seniors (50-59)",3111.12
402,160,55,5,997.30,2024-12-29,"Young Adults (20-29)",4986.50
403,352,34,3,252.70,2024-01-29,"Young Adults (20-29)",758.10
404,247,30,3,557.22,2024-01-17,"Adults (30-39)",1671.66
405,266,27,1,54.88,2024-12-17,"Seniors (60-69)",54.88
406,92,82,4,560.07,2024-12-19,"Young Adults (20-29)",2240.28
407,144,46,5,625.92,2024-08-29,"Young Adults (20-29)",3129.60
408,24,11,2,255.18,2024-02-24,"Adults (30-39)",510.36
409,74,65,1,88.04,2024-04-12,"Elders (70+)",88.04
410,102,75,5,874.50,2024-06-27,"Adults (30-39)",4372.50
411,255,44,3,414.71,2024-09-21,"Young Adults (20-29)",1244.13
412,66,18,4,230.09,2024-11-30,"Pre-Seniors (50-59)",920.36
413,280,40,2,263.19,2024-09-08,"Seniors (60-69)",526.38
414,453,53,1,47.96,2024-02-26,"Seniors (60-69)",47.96
415,204,10,4,253.61,2024-03-14,"Adults (30-39)",1014.44
416,492,51,5,331.50,2024-12-31,"Middle-Aged (40-49)",1657.50
417,94,38,1,40.90,2024-05-02,"Pre-Seniors (50-59)",40.90
418,32,48,5,935.38,2024-06-14,"Adults (30-39)",4676.90
419,247,64,2,29.26,2024-08-01,"Adults (30-39)",58.52
420,61,52,3,299.12,2024-07-01,"Adults (30-39)",897.36
421,92,22,2,243.30,2024-11-18,"Young Adults (20-29)",486.60
422,362,37,4,129.05,2024-06-01,"Young Adults (20-29)",516.20
423,239,84,5,831.20,2024-05-25,"Elders (70+)",4156.00
424,264,9,3,410.03,2024-07-25,"Middle-Aged (40-49)",1230.09
425,478,73,1,113.53,2024-06-04,"Seniors (60-69)",113.53
426,366,38,3,483.61,2024-06-26,"Seniors (60-69)",1450.83
427,136,51,2,341.03,2024-05-13,"Seniors (60-69)",682.06
428,359,28,1,161.29,2024-01-25,"Middle-Aged (40-49)",161.29
429,186,90,3,395.83,2024-12-24,"Seniors (60-69)",1187.49
430,151,2,4,341.15,2024-01-06,"Young Adults (20-29)",1364.60
431,302,87,3,40.54,2024-05-07,"Seniors (60-69)",121.62
432,251,68,5,856.88,2024-01-31,"Seniors (60-69)",4284.40
433,184,32,3,120.74,2024-03-11,"Adults (30-39)",362.22
434,340,3,5,973.34,2024-01-22,"Pre-Seniors (50-59)",4866.70
435,423,39,2,88.79,2024-07-25,"Adults (30-39)",177.58
436,142,98,5,267.38,2024-10-03,"Pre-Seniors (50-59)",1336.90
437,128,30,3,472.51,2024-06-22,"Adults (30-39)",1417.53
438,471,91,1,122.30,2024-10-27,"Young Adults (20-29)",122.30
439,48,42,4,787.57,2024-10-19,"Pre-Seniors (50-59)",3150.28
440,282,46,2,76.28,2024-09-26,"Seniors (60-69)",152.56
441,340,41,5,146.29,2024-07-19,"Pre-Seniors (50-59)",731.45
442,359,21,3,448.22,2024-10-23,"Middle-Aged (40-49)",1344.66
443,359,50,3,68.17,2024-03-31,"Middle-Aged (40-49)",204.51
444,462,64,1,146.96,2024-09-12,"Seniors (60-69)",146.96
445,238,15,2,194.90,2024-03-23,"Pre-Seniors (50-59)",389.80
446,80,88,1,105.12,2024-05-16,"Pre-Seniors (50-59)",105.12
447,256,94,3,584.06,2024-07-06,"Pre-Seniors (50-59)",1752.18
448,389,77,5,550.52,2024-10-14,"Seniors (60-69)",2752.60
449,491,63,2,50.58,2024-12-02,"Elders (70+)",101.16
450,487,64,1,107.60,2024-08-16,"Middle-Aged (40-49)",107.60
451,155,59,4,604.22,2024-10-05,"Pre-Seniors (50-59)",2416.88
452,294,10,2,325.08,2024-04-03,"Young Adults (20-29)",650.16
453,431,90,3,481.09,2024-05-10,"Elders (70+)",1443.27
454,407,36,5,862.32,2024-04-16,"Adults (30-39)",4311.60
455,306,86,5,523.07,2024-01-02,"Middle-Aged (40-49)",2615.35
456,233,9,4,104.52,2024-11-11,"Young Adults (20-29)",418.08
457,354,54,2,89.91,2024-08-26,"Pre-Seniors (50-59)",179.82
458,462,71,5,237.98,2024-11-08,"Seniors (60-69)",1189.90
459,137,89,3,72.31,2024-12-09,"Adults (30-39)",216.93
460,326,60,2,275.65,2024-08-05,"Pre-Seniors (50-59)",551.30
461,162,93,2,374.94,2024-01-01,"Young Adults (20-29)",749.88
462,389,47,1,117.37,2024-05-05,"Seniors (60-69)",117.37
463,129,42,2,304.87,2024-11-06,"Pre-Seniors (50-59)",609.74
464,482,20,5,346.85,2024-03-29,"Middle-Aged (40-49)",1734.25
465,245,38,1,138.54,2024-12-22,"Pre-Seniors (50-59)",138.54
466,372,33,4,193.57,2024-08-01,"Pre-Seniors (50-59)",774.28
467,164,25,3,546.53,2024-06-08,"Seniors (60-69)",1639.59
468,75,28,1,173.42,2024-01-14,"Adults (30-39)",173.42
469,60,25,4,424.20,2024-07-04,"Middle-Aged (40-49)",1696.80
470,46,88,3,295.66,2024-06-19,"Pre-Seniors (50-59)",886.98
471,22,4,4,199.15,2024-01-24,"Pre-Seniors (50-59)",796.60
472,150,76,5,138.89,2024-01-15,"Young Adults (20-29)",694.45
473,429,53,1,189.14,2024-11-09,"Young Adults (20-29)",189.14
474,159,74,2,213.51,2024-06-17,"Adults (30-39)",427.02
475,209,80,4,391.32,2024-12-16,"Pre-Seniors (50-59)",1565.28
476,350,33,5,575.51,2024-01-06,"Seniors (60-69)",2877.55
477,450,33,1,115.92,2024-10-20,"Middle-Aged (40-49)",115.92
478,470,92,1,41.16,2024-09-03,"Seniors (60-69)",41.16
479,350,94,4,631.07,2024-01-02,"Seniors (60-69)",2524.28
480,390,75,1,116.52,2024-05-06,"Pre-Seniors (50-59)",116.52
481,17,11,2,390.83,2024-04-08,"Seniors (60-69)",781.66
482,284,87,3,242.97,2024-07-05,"Seniors (60-69)",728.91
483,147,31,4,497.24,2024-01-28,"Pre-Seniors (50-59)",1988.96
484,213,46,4,625.20,2024-01-18,"Young Adults (20-29)",2500.80
485,277,20,5,717.99,2024-02-16,"Middle-Aged (40-49)",3589.95
486,96,97,2,295.72,2024-06-29,"Young Adults (20-29)",591.44
487,439,49,1,45.54,2024-08-29,"Middle-Aged (40-49)",45.54
488,471,73,2,361.10,2024-09-05,"Young Adults (20-29)",722.20
489,477,71,5,139.45,2024-04-20,"Young Adults (20-29)",697.25
490,188,5,2,267.15,2024-12-06,"Pre-Seniors (50-59)",534.30
491,164,29,5,869.13,2024-11-09,"Seniors (60-69)",4345.65
492,428,10,1,129.69,2024-11-27,"Middle-Aged (40-49)",129.69
493,62,43,3,420.14,2024-09-25,"Middle-Aged (40-49)",1260.42
494,419,84,5,732.35,2024-07-10,"Adults (30-39)",3661.75
495,430,1,1,55.30,2024-04-20,"Elders (70+)",55.30
496,182,32,3,230.36,2024-04-24,"Pre-Seniors (50-59)",691.08
497,193,7,5,242.78,2024-05-02,"Pre-Seniors (50-59)",1213.90
498,388,65,4,99.77,2024-09-18,"Young Adults (20-29)",399.08
499,136,85,3,527.02,2024-10-08,"Seniors (60-69)",1581.06
500,279,14,1,97.26,2024-04-27,"Young Adults (20-29)",97.26
501,458,62,5,886.96,2024-01-20,"Pre-Seniors (50-59)",4434.80
502,187,99,3,223.32,2024-08-11,"Young Adults (20-29)",669.96
503,95,77,4,199.70,2024-01-14,"Pre-Seniors (50-59)",798.80
504,233,29,3,157.01,2024-10-31,"Young Adults (20-29)",471.03
505,190,16,5,822.67,2024-06-08,"Middle-Aged (40-49)",4113.35
506,10,65,5,246.09,2024-07-11,"Seniors (60-69)",1230.45
507,280,42,3,596.07,2024-02-09,"Seniors (60-69)",1788.21
508,56,55,5,834.41,2024-04-23,"Middle-Aged (40-49)",4172.05
509,112,37,5,502.08,2024-09-11,"Pre-Seniors (50-59)",2510.40
510,142,52,5,215.69,2024-04-29,"Pre-Seniors (50-59)",1078.45
511,243,7,3,337.90,2024-06-24,"Elders (70+)",1013.70
512,452,64,1,153.59,2024-09-14,"Middle-Aged (40-49)",153.59
513,308,52,4,192.11,2024-11-27,"Young Adults (20-29)",768.44
514,287,83,4,639.96,2024-12-21,"Seniors (60-69)",2559.84
515,200,89,2,303.07,2024-05-10,"Adults (30-39)",606.14
516,411,22,5,139.07,2024-01-20,"Young Adults (20-29)",695.35
517,37,60,3,492.22,2024-10-17,"Seniors (60-69)",1476.66
518,342,29,4,300.75,2024-06-02,"Pre-Seniors (50-59)",1203.00
519,383,58,4,325.55,2024-06-26,"Middle-Aged (40-49)",1302.20
520,66,100,1,152.02,2024-08-21,"Pre-Seniors (50-59)",152.02
521,210,59,2,303.40,2024-04-18,"Middle-Aged (40-49)",606.80
522,366,48,4,784.06,2024-04-09,"Seniors (60-69)",3136.24
523,411,90,2,398.70,2024-12-25,"Young Adults (20-29)",797.40
524,435,69,3,250.04,2024-12-05,"Seniors (60-69)",750.12
525,34,76,4,360.36,2024-06-16,"Young Adults (20-29)",1441.44
526,85,8,2,284.67,2024-09-08,"Adults (30-39)",569.34
527,146,69,5,715.71,2024-11-19,"Teens (<20)",3578.55
528,286,75,5,497.42,2024-08-01,"Adults (30-39)",2487.10
529,4,22,3,506.23,2024-10-03,"Young Adults (20-29)",1518.69
530,19,41,5,727.09,2024-12-30,"Middle-Aged (40-49)",3635.45
531,382,8,5,671.02,2024-04-20,"Seniors (60-69)",3355.10
532,20,22,2,293.17,2024-03-01,"Seniors (60-69)",586.34
533,418,49,3,506.21,2024-10-09,"Adults (30-39)",1518.63
534,462,12,4,261.53,2024-03-28,"Seniors (60-69)",1046.12
535,281,46,2,354.49,2024-10-27,"Young Adults (20-29)",708.98
536,38,33,5,218.33,2024-09-29,"Teens (<20)",1091.65
537,321,95,1,100.91,2024-02-01,"Young Adults (20-29)",100.91
538,376,53,2,100.91,2024-01-13,"Seniors (60-69)",201.82
539,70,9,3,148.96,2024-12-04,"Young Adults (20-29)",446.88
540,199,2,3,433.63,2024-08-31,"Young Adults (20-29)",1300.89
541,218,69,3,417.63,2024-09-18,"Elders (70+)",1252.89
542,94,42,2,20.67,2024-02-21,"Pre-Seniors (50-59)",41.34
543,71,27,5,961.99,2024-04-09,"Young Adults (20-29)",4809.95
544,37,32,3,69.02,2024-09-23,"Seniors (60-69)",207.06
545,183,66,4,600.80,2024-03-11,"Pre-Seniors (50-59)",2403.20
546,141,97,4,258.76,2024-04-12,"Young Adults (20-29)",1035.04
547,201,84,4,319.38,2024-11-04,"Young Adults (20-29)",1277.52
548,404,44,2,140.91,2024-10-14,"Seniors (60-69)",281.82
549,70,49,2,158.25,2024-05-28,"Young Adults (20-29)",316.50
550,427,2,4,125.25,2024-02-13,"Pre-Seniors (50-59)",501.00
551,79,94,1,92.67,2024-10-06,"Pre-Seniors (50-59)",92.67
552,321,72,2,398.05,2024-02-08,"Young Adults (20-29)",796.10
553,428,75,1,64.61,2024-12-24,"Middle-Aged (40-49)",64.61
554,274,47,2,199.02,2024-09-17,"Young Adults (20-29)",398.04
555,252,55,1,166.59,2024-06-02,"Pre-Seniors (50-59)",166.59
556,418,52,1,125.91,2024-06-16,"Adults (30-39)",125.91
557,287,9,1,68.70,2024-05-17,"Seniors (60-69)",68.70
558,14,19,4,699.79,2024-07-30,"Pre-Seniors (50-59)",2799.16
559,111,19,1,183.16,2024-11-22,"Young Adults (20-29)",183.16
560,400,31,1,191.79,2024-03-13,"Middle-Aged (40-49)",191.79
561,3,70,2,253.83,2024-08-01,"Young Adults (20-29)",507.66
562,331,7,4,125.94,2024-07-20,"Pre-Seniors (50-59)",503.76
563,93,82,5,611.44,2024-04-03,"Adults (30-39)",3057.20
564,156,38,5,456.85,2024-03-05,"Adults (30-39)",2284.25
565,424,39,4,587.07,2024-01-25,"Adults (30-39)",2348.28
566,211,32,5,265.48,2024-07-15,"Young Adults (20-29)",1327.40
567,119,81,3,522.46,2024-03-25,"Young Adults (20-29)",1567.38
568,109,91,1,162.14,2024-02-11,"Elders (70+)",162.14
569,91,6,2,330.58,2024-05-25,"Middle-Aged (40-49)",661.16
570,164,35,2,189.36,2024-04-15,"Seniors (60-69)",378.72
571,108,85,4,48.74,2024-09-17,"Pre-Seniors (50-59)",194.96
572,487,33,5,960.37,2024-10-17,"Middle-Aged (40-49)",4801.85
573,464,73,1,193.93,2024-08-07,"Seniors (60-69)",193.93
574,59,51,1,164.84,2024-07-23,"Young Adults (20-29)",164.84
575,73,6,1,36.36,2024-11-06,"Seniors (60-69)",36.36
576,1,46,2,348.05,2024-08-18,"Young Adults (20-29)",696.10
577,374,49,5,805.55,2024-10-28,"Pre-Seniors (50-59)",4027.75
578,171,50,1,125.24,2024-09-12,"Seniors (60-69)",125.24
579,359,92,2,145.91,2024-03-27,"Middle-Aged (40-49)",291.82
580,102,12,4,611.42,2024-08-16,"Adults (30-39)",2445.68
581,310,5,2,280.96,2024-06-14,"Young Adults (20-29)",561.92
582,250,27,3,56.86,2024-08-18,"Young Adults (20-29)",170.58
583,434,51,4,790.90,2024-08-04,"Young Adults (20-29)",3163.60
584,229,32,3,399.07,2024-04-22,"Pre-Seniors (50-59)",1197.21
585,455,72,2,352.13,2024-02-27,"Middle-Aged (40-49)",704.26
586,202,76,2,119.01,2024-09-04,"Middle-Aged (40-49)",238.02
587,89,9,3,569.41,2024-04-06,"Young Adults (20-29)",1708.23
588,48,13,3,373.06,2024-04-02,"Pre-Seniors (50-59)",1119.18
589,281,35,5,958.29,2024-10-09,"Young Adults (20-29)",4791.45
590,1,48,4,139.90,2024-08-27,"Young Adults (20-29)",559.60
591,70,69,2,42.96,2024-02-13,"Young Adults (20-29)",85.92
592,285,52,4,344.67,2024-07-10,"Seniors (60-69)",1378.68
593,425,52,5,622.22,2024-10-14,"Young Adults (20-29)",3111.10
594,164,26,1,47.48,2024-02-28,"Seniors (60-69)",47.48
595,196,85,4,508.88,2024-12-20,"Middle-Aged (40-49)",2035.52
596,36,97,2,367.96,2024-05-29,"Pre-Seniors (50-59)",735.92
597,176,21,1,79.37,2024-06-18,"Seniors (60-69)",79.37
598,199,78,1,153.20,2024-01-23,"Young Adults (20-29)",153.20
599,225,13,5,457.21,2024-04-17,"Young Adults (20-29)",2286.05
600,228,74,3,477.72,2024-02-07,"Young Adults (20-29)",1433.16
601,297,16,1,116.76,2024-03-27,"Teens (<20)",116.76
602,338,19,5,596.19,2024-12-03,"Young Adults (20-29)",2980.95
603,273,57,1,40.98,2024-05-07,"Seniors (60-69)",40.98
604,57,22,2,370.73,2024-09-25,"Pre-Seniors (50-59)",741.46
605,230,59,2,159.36,2024-10-27,"Young Adults (20-29)",318.72
606,4,28,1,182.24,2024-12-11,"Young Adults (20-29)",182.24
607,136,8,4,398.02,2024-07-20,"Seniors (60-69)",1592.08
608,364,99,2,288.17,2024-05-04,"Adults (30-39)",576.34
609,493,95,3,197.43,2024-10-17,"Pre-Seniors (50-59)",592.29
610,399,79,5,520.13,2024-09-16,"Adults (30-39)",2600.65
611,81,37,3,189.38,2024-01-23,"Seniors (60-69)",568.14
612,152,7,1,138.81,2024-08-27,"Young Adults (20-29)",138.81
613,402,100,3,107.58,2024-08-04,"Middle-Aged (40-49)",322.74
614,234,96,2,152.06,2024-01-28,"Pre-Seniors (50-59)",304.12
615,157,21,2,199.65,2024-01-02,"Pre-Seniors (50-59)",399.30
616,339,43,4,211.63,2024-10-28,"Adults (30-39)",846.52
617,443,37,4,527.70,2024-07-23,"Middle-Aged (40-49)",2110.80
618,228,94,3,417.97,2024-12-01,"Young Adults (20-29)",1253.91
619,164,96,2,204.88,2024-12-10,"Seniors (60-69)",409.76
620,110,96,4,394.25,2024-11-13,"Adults (30-39)",1577.00
621,267,7,5,489.60,2024-04-26,"Seniors (60-69)",2448.00
622,404,60,4,694.32,2024-02-23,"Seniors (60-69)",2777.28
623,16,1,2,182.58,2024-06-06,"Adults (30-39)",365.16
624,193,68,4,454.04,2024-05-19,"Pre-Seniors (50-59)",1816.16
625,235,5,2,238.80,2024-02-18,"Young Adults (20-29)",477.60
626,213,9,5,80.57,2024-06-30,"Young Adults (20-29)",402.85
627,36,17,4,77.77,2024-02-05,"Pre-Seniors (50-59)",311.08
628,115,69,1,130.48,2024-05-07,"Middle-Aged (40-49)",130.48
629,489,80,2,99.09,2024-08-23,"Adults (30-39)",198.18
630,303,56,3,574.57,2024-01-03,"Pre-Seniors (50-59)",1723.71
631,92,25,1,31.33,2024-03-29,"Young Adults (20-29)",31.33
632,57,68,5,305.56,2024-12-22,"Pre-Seniors (50-59)",1527.80
633,234,35,1,159.97,2024-09-24,"Pre-Seniors (50-59)",159.97
634,239,31,5,666.20,2024-10-02,"Elders (70+)",3331.00
635,318,76,1,117.24,2024-08-24,"Pre-Seniors (50-59)",117.24
636,272,73,3,473.37,2024-11-12,"Pre-Seniors (50-59)",1420.11
637,33,25,1,112.57,2024-03-02,"Seniors (60-69)",112.57
638,172,48,4,717.02,2024-04-30,"Pre-Seniors (50-59)",2868.08
639,325,22,2,258.40,2024-05-17,"Pre-Seniors (50-59)",516.80
640,326,29,5,325.84,2024-01-14,"Pre-Seniors (50-59)",1629.20
641,247,89,2,303.24,2024-04-18,"Adults (30-39)",606.48
642,378,96,5,705.76,2024-09-27,"Adults (30-39)",3528.80
643,313,13,4,796.60,2024-04-26,"Elders (70+)",3186.40
644,139,60,4,126.40,2024-01-26,"Seniors (60-69)",505.60
645,207,17,3,486.35,2024-01-30,"Seniors (60-69)",1459.05
646,262,45,5,349.20,2024-12-09,"Pre-Seniors (50-59)",1746.00
647,388,51,4,252.13,2024-04-01,"Young Adults (20-29)",1008.52
648,236,43,2,278.76,2024-07-10,"Middle-Aged (40-49)",557.52
649,431,69,2,103.11,2024-01-13,"Elders (70+)",206.22
650,83,26,5,835.90,2024-11-27,"Young Adults (20-29)",4179.50
651,332,68,4,494.06,2024-08-02,"Pre-Seniors (50-59)",1976.24
652,115,9,3,365.08,2024-09-09,"Middle-Aged (40-49)",1095.24
653,360,23,5,933.63,2024-11-24,"Pre-Seniors (50-59)",4668.15
654,105,59,3,384.66,2024-08-01,"Seniors (60-69)",1153.98
655,201,19,1,161.00,2024-05-01,"Young Adults (20-29)",161.00
656,52,70,2,303.92,2024-07-22,"Young Adults (20-29)",607.84
657,294,59,2,137.26,2024-05-22,"Young Adults (20-29)",274.52
658,83,97,5,845.99,2024-04-30,"Young Adults (20-29)",4229.95
659,114,67,3,543.48,2024-07-24,"Adults (30-39)",1630.44
660,160,90,4,169.83,2024-04-07,"Young Adults (20-29)",679.32
661,271,67,3,84.09,2024-10-23,"Seniors (60-69)",252.27
662,375,3,2,297.62,2024-08-20,"Young Adults (20-29)",595.24
663,286,38,2,247.49,2024-11-04,"Adults (30-39)",494.98
664,138,51,3,262.22,2024-09-28,"Young Adults (20-29)",786.66
665,19,22,1,178.16,2024-05-19,"Middle-Aged (40-49)",178.16
666,385,86,3,269.18,2024-01-01,"Pre-Seniors (50-59)",807.54
667,26,70,3,306.87,2024-07-18,"Elders (70+)",920.61
668,413,2,4,798.69,2024-02-20,"Young Adults (20-29)",3194.76
669,434,45,2,178.00,2024-06-19,"Young Adults (20-29)",356.00
670,87,49,3,351.65,2024-12-14,"Pre-Seniors (50-59)",1054.95
671,477,1,5,745.73,2024-05-01,"Young Adults (20-29)",3728.65
672,315,12,1,33.60,2024-02-06,"Adults (30-39)",33.60
673,171,91,1,191.47,2024-11-18,"Seniors (60-69)",191.47
674,148,56,5,278.30,2024-03-16,"Seniors (60-69)",1391.50
675,12,83,5,63.45,2024-06-13,"Young Adults (20-29)",317.25
676,408,88,2,213.41,2024-08-19,"Middle-Aged (40-49)",426.82
677,166,40,2,360.59,2024-10-28,"Seniors (60-69)",721.18
678,405,88,5,240.44,2024-06-03,"Young Adults (20-29)",1202.20
679,304,13,1,187.40,2024-07-13,"Adults (30-39)",187.40
680,462,38,4,645.21,2024-04-30,"Seniors (60-69)",2580.84
681,110,20,2,30.11,2024-10-15,"Adults (30-39)",60.22
682,169,66,3,167.71,2024-05-16,"Seniors (60-69)",503.13
683,110,64,1,166.86,2024-05-19,"Adults (30-39)",166.86
684,466,36,1,82.93,2024-09-06,"Young Adults (20-29)",82.93
685,145,88,1,194.02,2024-08-10,"Pre-Seniors (50-59)",194.02
686,498,93,2,298.68,2024-05-10,"Pre-Seniors (50-59)",597.36
687,31,63,2,93.65,2024-12-30,"Middle-Aged (40-49)",187.30
688,303,57,3,329.96,2024-02-27,"Pre-Seniors (50-59)",989.88
689,432,16,1,160.59,2024-09-11,"Adults (30-39)",160.59
690,135,17,3,88.10,2024-11-15,"Seniors (60-69)",264.30
691,227,21,3,135.11,2024-07-03,"Middle-Aged (40-49)",405.33
692,93,47,3,284.16,2024-09-30,"Adults (30-39)",852.48
693,148,92,1,170.79,2024-11-20,"Seniors (60-69)",170.79
694,326,34,3,313.65,2024-01-11,"Pre-Seniors (50-59)",940.95
695,438,94,1,157.13,2024-10-10,"Young Adults (20-29)",157.13
696,403,34,5,120.25,2024-07-06,"Pre-Seniors (50-59)",601.25
697,150,61,1,29.54,2024-04-21,"Young Adults (20-29)",29.54
698,5,1,4,509.47,2024-07-09,"Middle-Aged (40-49)",2037.88
699,98,86,5,53.41,2024-05-14,"Young Adults (20-29)",267.05
700,249,39,2,70.87,2024-08-03,"Young Adults (20-29)",141.74
701,420,53,1,167.20,2024-11-04,"Pre-Seniors (50-59)",167.20
702,263,95,5,298.55,2024-04-10,"Middle-Aged (40-49)",1492.75
703,200,97,2,316.26,2024-06-16,"Adults (30-39)",632.52
704,6,16,2,242.67,2024-02-25,"Seniors (60-69)",485.34
705,93,21,2,372.72,2024-12-15,"Adults (30-39)",745.44
706,6,52,4,720.92,2024-02-25,"Seniors (60-69)",2883.68
707,29,46,3,51.51,2024-11-18,"Adults (30-39)",154.53
708,220,4,1,82.25,2024-10-02,"Pre-Seniors (50-59)",82.25
709,423,41,3,507.76,2024-08-02,"Adults (30-39)",1523.28
710,364,32,1,81.15,2024-05-31,"Adults (30-39)",81.15
711,469,47,5,87.73,2024-10-25,"Adults (30-39)",438.65
712,154,14,3,82.47,2024-06-11,"Young Adults (20-29)",247.41
713,83,73,2,191.19,2024-07-31,"Young Adults (20-29)",382.38
714,95,85,3,445.61,2024-09-06,"Pre-Seniors (50-59)",1336.83
715,231,70,3,333.72,2024-02-21,"Elders (70+)",1001.16
716,351,74,4,109.58,2024-12-27,"Young Adults (20-29)",438.32
717,226,29,2,234.89,2024-06-22,"Teens (<20)",469.78
718,318,57,4,189.53,2024-03-06,"Pre-Seniors (50-59)",758.12
719,195,39,5,872.77,2024-09-28,"Seniors (60-69)",4363.85
720,132,49,5,404.92,2024-12-25,"Seniors (60-69)",2024.60
721,18,95,3,120.10,2024-12-28,"Seniors (60-69)",360.30
722,56,43,4,599.09,2024-09-19,"Middle-Aged (40-49)",2396.36
723,349,93,1,167.22,2024-12-06,"Middle-Aged (40-49)",167.22
724,419,34,3,290.16,2024-08-01,"Adults (30-39)",870.48
725,420,42,1,171.58,2024-11-22,"Pre-Seniors (50-59)",171.58
726,17,42,1,36.83,2024-11-08,"Seniors (60-69)",36.83
727,104,46,2,269.35,2024-04-07,"Seniors (60-69)",538.70
728,465,6,3,464.08,2024-11-05,"Young Adults (20-29)",1392.24
729,155,6,3,231.38,2024-06-10,"Pre-Seniors (50-59)",694.14
730,36,25,3,315.62,2024-11-17,"Pre-Seniors (50-59)",946.86
731,243,36,2,146.27,2024-05-11,"Elders (70+)",292.54
732,29,48,3,370.51,2024-10-29,"Adults (30-39)",1111.53
733,93,78,2,120.83,2024-01-12,"Adults (30-39)",241.66
734,487,97,3,431.75,2024-12-03,"Middle-Aged (40-49)",1295.25
735,467,76,4,545.02,2024-06-17,"Middle-Aged (40-49)",2180.08
736,381,8,5,95.39,2024-04-17,"Young Adults (20-29)",476.95
737,211,74,5,449.92,2024-02-02,"Young Adults (20-29)",2249.60
738,25,27,3,66.39,2024-01-11,"Seniors (60-69)",199.17
739,358,17,5,985.46,2024-12-17,"Middle-Aged (40-49)",4927.30
740,187,49,1,24.06,2024-03-24,"Young Adults (20-29)",24.06
741,363,15,1,56.23,2024-11-27,"Adults (30-39)",56.23
742,31,48,1,11.25,2024-12-26,"Middle-Aged (40-49)",11.25
743,426,82,3,355.87,2024-07-07,"Middle-Aged (40-49)",1067.61
744,393,59,1,145.42,2024-03-07,"Young Adults (20-29)",145.42
745,86,41,5,819.88,2024-03-11,"Adults (30-39)",4099.40
746,51,93,1,180.52,2024-01-02,"Middle-Aged (40-49)",180.52
747,380,7,3,276.19,2024-02-15,"Pre-Seniors (50-59)",828.57
748,231,78,5,441.89,2024-02-24,"Elders (70+)",2209.45
749,385,83,4,283.72,2024-09-11,"Pre-Seniors (50-59)",1134.88
750,455,28,3,132.98,2024-06-17,"Middle-Aged (40-49)",398.94
751,352,80,3,597.80,2024-04-14,"Young Adults (20-29)",1793.40
752,97,98,4,634.58,2024-08-23,"Elders (70+)",2538.32
753,346,14,5,101.48,2024-01-20,"Pre-Seniors (50-59)",507.40
754,165,10,1,147.10,2024-10-07,"Middle-Aged (40-49)",147.10
755,207,52,2,123.34,2024-10-10,"Seniors (60-69)",246.68
756,336,76,5,367.95,2024-11-28,"Seniors (60-69)",1839.75
757,452,68,1,63.11,2024-07-05,"Middle-Aged (40-49)",63.11
758,423,86,2,209.39,2024-04-22,"Adults (30-39)",418.78
759,35,36,4,335.08,2024-06-08,"Pre-Seniors (50-59)",1340.32
760,49,62,3,431.94,2024-01-22,"Middle-Aged (40-49)",1295.82
761,493,21,3,352.57,2024-02-28,"Pre-Seniors (50-59)",1057.71
762,474,30,2,289.06,2024-09-17,"Middle-Aged (40-49)",578.12
763,190,63,2,197.83,2024-06-19,"Middle-Aged (40-49)",395.66
764,289,9,1,126.54,2024-10-21,"Middle-Aged (40-49)",126.54
765,103,74,1,91.33,2024-02-13,"Adults (30-39)",91.33
766,142,10,1,40.10,2024-11-11,"Pre-Seniors (50-59)",40.10
767,381,71,3,270.21,2024-09-24,"Young Adults (20-29)",810.63
768,155,53,3,40.40,2024-06-16,"Pre-Seniors (50-59)",121.20
769,258,1,3,313.49,2024-11-16,"Adults (30-39)",940.47
770,226,65,5,499.81,2024-12-21,"Teens (<20)",2499.05
771,368,12,3,581.21,2024-05-10,"Young Adults (20-29)",1743.63
772,480,57,1,30.43,2024-02-22,"Young Adults (20-29)",30.43
773,55,12,5,383.62,2024-10-18,"Pre-Seniors (50-59)",1918.10
774,286,99,5,561.82,2024-06-22,"Adults (30-39)",2809.10
775,121,3,5,505.82,2024-02-06,"Adults (30-39)",2529.10
776,441,1,5,491.39,2024-05-16,"Young Adults (20-29)",2456.95
777,361,90,4,336.38,2024-05-03,"Pre-Seniors (50-59)",1345.52
778,108,43,3,279.84,2024-07-03,"Pre-Seniors (50-59)",839.52
779,368,13,1,42.56,2024-08-01,"Young Adults (20-29)",42.56
780,323,95,2,289.28,2024-10-26,"Young Adults (20-29)",578.56
781,304,42,2,59.08,2024-10-28,"Adults (30-39)",118.16
782,291,70,1,24.56,2024-04-12,"Elders (70+)",24.56
783,291,73,4,84.22,2024-05-02,"Elders (70+)",336.88
784,39,20,5,738.86,2024-03-11,"Young Adults (20-29)",3694.30
785,397,19,4,707.56,2024-12-11,"Middle-Aged (40-49)",2830.24
786,16,26,3,440.74,2024-01-18,"Adults (30-39)",1322.22
787,206,31,2,342.60,2024-03-14,"Seniors (60-69)",685.20
788,359,73,5,475.88,2024-11-22,"Middle-Aged (40-49)",2379.40
789,233,40,5,644.84,2024-06-08,"Young Adults (20-29)",3224.20
790,313,34,2,97.11,2024-03-05,"Elders (70+)",194.22
791,410,54,3,319.37,2024-11-21,"Elders (70+)",958.11
792,178,65,5,856.04,2024-12-08,"Teens (<20)",4280.20
793,123,45,2,172.33,2024-04-14,"Seniors (60-69)",344.66
794,220,15,4,579.81,2024-04-26,"Pre-Seniors (50-59)",2319.24
795,422,8,2,327.25,2024-09-06,"Seniors (60-69)",654.50
796,367,98,3,328.13,2024-11-05,"Pre-Seniors (50-59)",984.39
797,444,62,3,271.00,2024-10-28,"Young Adults (20-29)",813.00
798,41,86,5,708.51,2024-11-25,"Seniors (60-69)",3542.55
799,127,50,3,512.66,2024-10-26,"Pre-Seniors (50-59)",1537.98
800,232,97,4,345.08,2024-07-19,"Middle-Aged (40-49)",1380.32
801,287,8,5,859.67,2024-09-26,"Seniors (60-69)",4298.35
802,118,14,1,184.96,2024-05-05,"Pre-Seniors (50-59)",184.96
803,285,91,5,730.97,2024-01-18,"Seniors (60-69)",3654.85
804,312,50,5,707.55,2024-11-29,"Pre-Seniors (50-59)",3537.75
805,228,71,5,579.09,2024-06-09,"Young Adults (20-29)",2895.45
806,55,85,3,392.63,2024-01-22,"Pre-Seniors (50-59)",1177.89
807,374,4,3,386.29,2024-03-26,"Pre-Seniors (50-59)",1158.87
808,156,37,5,903.20,2024-07-28,"Adults (30-39)",4516.00
809,477,96,5,378.13,2024-11-29,"Young Adults (20-29)",1890.65
810,95,63,4,99.99,2024-02-24,"Pre-Seniors (50-59)",399.96
811,302,14,3,303.18,2024-12-02,"Seniors (60-69)",909.54
812,375,3,3,588.15,2024-10-21,"Young Adults (20-29)",1764.45
813,449,81,3,497.65,2024-06-02,"Young Adults (20-29)",1492.95
814,310,48,5,488.10,2024-02-03,"Young Adults (20-29)",2440.50
815,406,61,2,306.15,2024-02-03,"Young Adults (20-29)",612.30
816,134,84,5,195.22,2024-12-01,"Pre-Seniors (50-59)",976.10
817,327,62,5,930.37,2024-02-21,"Seniors (60-69)",4651.85
818,66,94,3,381.81,2024-02-27,"Pre-Seniors (50-59)",1145.43
819,350,99,3,124.42,2024-08-11,"Seniors (60-69)",373.26
820,78,90,5,399.47,2024-10-29,"Young Adults (20-29)",1997.35
821,290,52,1,54.29,2024-11-11,"Pre-Seniors (50-59)",54.29
822,213,51,4,671.29,2024-08-28,"Young Adults (20-29)",2685.16
823,250,85,4,481.73,2024-06-23,"Young Adults (20-29)",1926.92
824,268,40,3,420.71,2024-08-25,"Adults (30-39)",1262.13
825,399,72,2,398.08,2024-06-07,"Adults (30-39)",796.16
826,470,34,4,428.31,2024-02-12,"Seniors (60-69)",1713.24
827,498,79,1,31.64,2024-02-12,"Pre-Seniors (50-59)",31.64
828,138,17,3,205.22,2024-09-10,"Young Adults (20-29)",615.66
829,33,18,2,296.29,2024-05-12,"Seniors (60-69)",592.58
830,217,96,5,716.70,2024-11-25,"Seniors (60-69)",3583.50
831,272,2,4,442.94,2024-07-19,"Pre-Seniors (50-59)",1771.76
832,361,49,1,90.62,2024-12-25,"Pre-Seniors (50-59)",90.62
833,370,55,3,501.51,2024-01-09,"Teens (<20)",1504.53
834,264,73,2,56.20,2024-08-27,"Middle-Aged (40-49)",112.40
835,222,57,1,86.10,2024-10-15,"Middle-Aged (40-49)",86.10
836,223,12,5,263.66,2024-04-09,"Young Adults (20-29)",1318.30
837,156,35,3,536.90,2024-03-24,"Adults (30-39)",1610.70
838,395,19,5,821.01,2024-04-10,"Pre-Seniors (50-59)",4105.05
839,185,20,5,339.78,2024-10-23,"Seniors (60-69)",1698.90
840,250,33,3,557.52,2024-08-07,"Young Adults (20-29)",1672.56
841,379,76,3,373.44,2024-07-07,"Seniors (60-69)",1120.32
842,205,69,1,53.43,2024-04-13,"Adults (30-39)",53.43
843,210,61,4,650.24,2024-03-30,"Middle-Aged (40-49)",2600.96
844,452,7,2,391.94,2024-09-22,"Middle-Aged (40-49)",783.88
845,333,27,5,84.48,2024-02-06,"Elders (70+)",422.40
846,264,72,1,152.38,2024-05-04,"Middle-Aged (40-49)",152.38
847,266,75,3,288.38,2024-05-24,"Seniors (60-69)",865.14
848,88,65,5,210.55,2024-12-25,"Middle-Aged (40-49)",1052.75
849,463,6,2,323.64,2024-03-01,"Adults (30-39)",647.28
850,446,50,1,87.36,2024-07-13,"Adults (30-39)",87.36
851,437,68,1,22.09,2024-05-11,"Middle-Aged (40-49)",22.09
852,42,18,4,261.72,2024-12-04,"Young Adults (20-29)",1046.88
853,69,58,1,11.61,2024-10-01,"Seniors (60-69)",11.61
854,365,39,1,165.32,2024-11-19,"Elders (70+)",165.32
855,224,16,2,44.41,2024-12-25,"Pre-Seniors (50-59)",88.82
856,150,4,1,113.22,2024-05-05,"Young Adults (20-29)",113.22
857,96,27,2,147.09,2024-02-24,"Young Adults (20-29)",294.18
858,8,84,1,28.21,2024-04-17,"Adults (30-39)",28.21
859,305,1,3,515.24,2024-07-07,"Elders (70+)",1545.72
860,11,60,3,389.18,2024-07-18,"Adults (30-39)",1167.54
861,42,47,3,524.52,2024-03-04,"Young Adults (20-29)",1573.56
862,373,77,5,730.56,2024-10-05,"Adults (30-39)",3652.80
863,444,26,5,452.37,2024-05-26,"Young Adults (20-29)",2261.85
864,418,96,5,537.42,2024-10-22,"Adults (30-39)",2687.10
865,488,26,2,274.15,2024-01-31,"Adults (30-39)",548.30
866,446,33,4,595.85,2024-04-08,"Adults (30-39)",2383.40
867,193,7,5,266.29,2024-07-12,"Pre-Seniors (50-59)",1331.45
868,72,30,3,572.19,2024-09-01,"Middle-Aged (40-49)",1716.57
869,437,11,5,90.81,2024-03-04,"Middle-Aged (40-49)",454.05
870,208,78,3,478.32,2024-09-16,"Middle-Aged (40-49)",1434.96
871,97,69,2,297.92,2024-02-12,"Elders (70+)",595.84
872,458,94,2,332.12,2024-11-18,"Pre-Seniors (50-59)",664.24
873,378,53,4,547.54,2024-02-18,"Adults (30-39)",2190.16
874,84,86,5,221.74,2024-07-19,"Elders (70+)",1108.70
875,118,4,1,125.97,2024-12-01,"Pre-Seniors (50-59)",125.97
876,248,90,1,98.21,2024-04-22,"Pre-Seniors (50-59)",98.21
877,383,51,1,42.68,2024-11-21,"Middle-Aged (40-49)",42.68
878,428,91,4,733.67,2024-01-27,"Middle-Aged (40-49)",2934.68
879,166,35,1,129.77,2024-07-11,"Seniors (60-69)",129.77
880,468,80,4,622.81,2024-11-11,"Teens (<20)",2491.24
881,81,98,1,156.62,2024-11-09,"Seniors (60-69)",156.62
882,69,96,4,673.13,2024-07-14,"Seniors (60-69)",2692.52
883,251,35,4,648.40,2024-06-05,"Seniors (60-69)",2593.60
884,450,34,1,91.58,2024-08-01,"Middle-Aged (40-49)",91.58
885,457,79,5,851.02,2024-09-29,"Pre-Seniors (50-59)",4255.10
886,183,29,1,176.93,2024-04-17,"Pre-Seniors (50-59)",176.93
887,218,38,5,712.65,2024-06-28,"Elders (70+)",3563.25
888,347,53,5,680.90,2024-03-08,"Pre-Seniors (50-59)",3404.50
889,199,85,2,228.05,2024-06-20,"Young Adults (20-29)",456.10
890,202,32,5,841.87,2024-11-05,"Middle-Aged (40-49)",4209.35
891,415,77,2,298.28,2024-06-10,"Young Adults (20-29)",596.56
892,333,9,1,117.99,2024-12-01,"Elders (70+)",117.99
893,201,30,5,482.37,2024-07-25,"Young Adults (20-29)",2411.85
894,241,17,2,270.77,2024-07-27,"Pre-Seniors (50-59)",541.54
895,324,49,1,127.90,2024-04-16,"Young Adults (20-29)",127.90
896,445,47,1,180.63,2024-07-13,"Young Adults (20-29)",180.63
897,167,83,4,229.30,2024-08-16,"Middle-Aged (40-49)",917.20
898,481,68,5,972.79,2024-10-05,"Seniors (60-69)",4863.95
899,250,76,5,263.11,2024-04-23,"Young Adults (20-29)",1315.55
900,447,7,4,685.81,2024-04-17,"Seniors (60-69)",2743.24
901,498,85,3,506.04,2024-01-11,"Pre-Seniors (50-59)",1518.12
902,141,36,2,374.99,2024-12-15,"Young Adults (20-29)",749.98
903,388,25,4,144.36,2024-10-10,"Young Adults (20-29)",577.44
904,453,23,1,64.06,2024-04-25,"Seniors (60-69)",64.06
905,44,78,4,282.59,2024-10-07,"Seniors (60-69)",1130.36
906,437,20,3,459.71,2024-09-18,"Middle-Aged (40-49)",1379.13
907,350,12,3,304.56,2024-10-27,"Seniors (60-69)",913.68
908,277,65,4,592.47,2024-09-04,"Middle-Aged (40-49)",2369.88
909,67,35,5,254.82,2024-12-16,"Middle-Aged (40-49)",1274.10
910,423,32,5,581.78,2024-09-21,"Adults (30-39)",2908.90
911,461,3,5,127.43,2024-02-15,"Middle-Aged (40-49)",637.15
912,402,61,2,87.45,2024-04-24,"Middle-Aged (40-49)",174.90
913,286,86,2,270.71,2024-11-12,"Adults (30-39)",541.42
914,216,72,3,507.49,2024-10-30,"Seniors (60-69)",1522.47
915,277,17,4,323.78,2024-07-14,"Middle-Aged (40-49)",1295.12
916,459,56,1,64.27,2024-08-12,"Elders (70+)",64.27
917,107,39,1,181.96,2024-02-02,"Adults (30-39)",181.96
918,236,68,3,251.76,2024-08-02,"Middle-Aged (40-49)",755.28
919,45,60,5,67.92,2024-08-05,"Young Adults (20-29)",339.60
920,206,61,4,738.46,2024-01-18,"Seniors (60-69)",2953.84
921,286,70,4,81.21,2024-12-04,"Adults (30-39)",324.84
922,250,9,4,747.68,2024-06-11,"Young Adults (20-29)",2990.72
923,462,86,5,505.18,2024-03-01,"Seniors (60-69)",2525.90
924,214,50,3,482.38,2024-05-01,"Young Adults (20-29)",1447.14
925,268,46,1,116.53,2024-03-31,"Adults (30-39)",116.53
926,439,49,1,176.95,2024-04-10,"Middle-Aged (40-49)",176.95
927,290,58,2,100.53,2024-10-22,"Pre-Seniors (50-59)",201.06
928,81,99,3,419.36,2024-05-24,"Seniors (60-69)",1258.08
929,119,62,5,108.83,2024-12-31,"Young Adults (20-29)",544.15
930,94,57,2,90.70,2024-11-12,"Pre-Seniors (50-59)",181.40
931,424,81,2,103.30,2024-11-15,"Adults (30-39)",206.60
932,363,92,2,76.34,2024-04-22,"Adults (30-39)",152.68
933,301,13,5,952.99,2024-06-24,"Young Adults (20-29)",4764.95
934,132,70,4,735.57,2024-10-01,"Seniors (60-69)",2942.28
935,358,10,4,182.48,2024-09-08,"Middle-Aged (40-49)",729.92
936,356,23,4,716.56,2024-01-22,"Teens (<20)",2866.24
937,213,32,3,498.28,2024-12-13,"Young Adults (20-29)",1494.84
938,21,86,1,25.93,2024-11-30,"Young Adults (20-29)",25.93
939,290,90,2,75.83,2024-02-08,"Pre-Seniors (50-59)",151.66
940,332,12,4,774.19,2024-05-06,"Pre-Seniors (50-59)",3096.76
941,312,96,5,592.73,2024-10-24,"Pre-Seniors (50-59)",2963.65
942,329,46,5,313.71,2024-04-12,"Middle-Aged (40-49)",1568.55
943,122,56,3,179.40,2024-12-08,"Seniors (60-69)",538.20
944,403,82,2,303.52,2024-07-13,"Pre-Seniors (50-59)",607.04
945,127,42,5,795.71,2024-10-22,"Pre-Seniors (50-59)",3978.55
946,252,46,4,419.61,2024-10-14,"Pre-Seniors (50-59)",1678.44
947,491,94,2,311.23,2024-07-11,"Elders (70+)",622.46
948,448,97,4,751.79,2024-05-06,"Adults (30-39)",3007.16
949,260,57,4,728.35,2024-02-05,"Adults (30-39)",2913.40
950,433,56,1,111.94,2024-09-19,"Young Adults (20-29)",111.94
951,210,68,3,391.92,2024-02-18,"Middle-Aged (40-49)",1175.76
952,33,64,4,58.60,2024-09-04,"Seniors (60-69)",234.40
953,418,57,1,75.21,2024-03-23,"Adults (30-39)",75.21
954,412,49,5,824.14,2024-08-16,"Pre-Seniors (50-59)",4120.70
955,78,17,1,78.68,2024-05-11,"Young Adults (20-29)",78.68
956,6,70,3,252.94,2024-08-03,"Seniors (60-69)",758.82
957,11,86,3,442.38,2024-04-09,"Adults (30-39)",1327.14
958,246,65,5,993.22,2024-03-15,"Middle-Aged (40-49)",4966.10
959,12,70,1,77.06,2024-11-28,"Young Adults (20-29)",77.06
960,344,46,1,176.72,2024-02-16,"Pre-Seniors (50-59)",176.72
961,488,13,5,924.07,2024-10-22,"Adults (30-39)",4620.35
962,23,63,3,255.39,2024-07-31,"Middle-Aged (40-49)",766.17
963,387,72,2,184.93,2024-05-14,"Seniors (60-69)",369.86
964,215,62,2,326.21,2024-06-24,"Adults (30-39)",652.42
965,216,76,3,417.37,2024-10-01,"Seniors (60-69)",1252.11
966,386,19,4,478.57,2024-10-27,"Middle-Aged (40-49)",1914.28
967,249,81,4,452.28,2024-01-05,"Young Adults (20-29)",1809.12
968,351,83,1,191.24,2024-12-11,"Young Adults (20-29)",191.24
969,246,70,5,483.91,2024-05-25,"Middle-Aged (40-49)",2419.55
970,150,97,1,123.03,2024-04-23,"Young Adults (20-29)",123.03
971,316,56,3,51.47,2024-01-14,"Seniors (60-69)",154.41
972,183,37,3,560.90,2024-03-11,"Pre-Seniors (50-59)",1682.70
973,404,15,2,323.91,2024-08-21,"Seniors (60-69)",647.82
974,90,20,4,674.66,2024-09-13,"Seniors (60-69)",2698.64
975,433,25,2,321.13,2024-03-19,"Young Adults (20-29)",642.26
976,313,10,3,211.07,2024-12-08,"Elders (70+)",633.21
977,62,32,4,758.55,2024-08-25,"Middle-Aged (40-49)",3034.20
978,155,64,4,581.71,2024-12-15,"Pre-Seniors (50-59)",2326.84
979,76,7,5,806.15,2024-04-19,"Adults (30-39)",4030.75
980,31,3,5,303.77,2024-06-13,"Middle-Aged (40-49)",1518.85
981,412,94,1,11.08,2024-06-03,"Pre-Seniors (50-59)",11.08
982,448,26,3,320.98,2024-09-03,"Adults (30-39)",962.94
983,19,52,2,163.93,2024-10-02,"Middle-Aged (40-49)",327.86
984,313,77,1,181.00,2024-06-05,"Elders (70+)",181.00
985,486,69,2,224.39,2024-03-05,"Seniors (60-69)",448.78
986,219,75,2,250.59,2024-06-10,"Pre-Seniors (50-59)",501.18
987,70,13,3,451.74,2024-10-20,"Young Adults (20-29)",1355.22
988,226,10,5,741.84,2024-12-26,"Teens (<20)",3709.20
989,31,86,4,130.19,2024-01-09,"Middle-Aged (40-49)",520.76
990,142,99,5,632.95,2024-10-08,"Pre-Seniors (50-59)",3164.75
991,237,8,5,645.57,2024-05-01,"Seniors (60-69)",3227.85
992,61,91,3,196.13,2024-06-26,"Adults (30-39)",588.39
993,88,34,5,405.74,2024-11-25,"Middle-Aged (40-49)",2028.70
994,217,98,4,728.52,2024-12-09,"Seniors (60-69)",2914.08
995,423,57,4,597.64,2024-02-04,"Adults (30-39)",2390.56
996,417,34,4,378.55,2024-02-13,"Seniors (60-69)",1514.20
997,160,48,3,34.23,2024-11-09,"Young Adults (20-29)",102.69
998,273,31,3,387.26,2024-12-03,"Seniors (60-69)",1161.78
999,468,67,1,86.84,2024-09-19,"Teens (<20)",86.84
1000,134,82,2,296.96,2024-03-12,"Pre-Seniors (50-59)",593.92
